"event_id_cnty","event_date","year","time_precision","disorder_type","event_type","sub_event_type","actor1","assoc_actor_1","inter1","interaction","civilian_targeting","iso","region","country","admin1","admin2","admin3","location","latitude","longitude","geo_precision","source","source_scale","notes","fatalities","tags","timestamp","population_best","Actor_Type"
"UKR90014",2023-01-17,2023,1,"Political violence","Violence against civilians","Sexual violence","Military Forces of Russia (2000-) Chechen Battalion of Ramzan Kadyrov",NA,8,78,"Civilian targeting",804,"Europe","Ukraine","Zaporizhia","Melitopolskyi","Melitopolska","Melitopol",46.8489,35.3653,1,"24 Channel","National","On 17 January 2023, the Chechen Battalion of Ramzan Kadyrov attacked 2 journalists of the Russian NTV channel in Melitopol, Zaporizhia. The journalists were beaten; the female-reporter also suffered sexual violence.",0,NA,1675798463,9340,"External/Other Forces"
"UKR87446",2023-01-09,2023,2,"Political violence","Violence against civilians","Sexual violence","Military Forces of Russia (2000-)",NA,8,78,"Civilian targeting",804,"Europe","Ukraine","Zaporizhia","Melitopolskyi","Melitopolska","Melitopol",46.8489,35.3653,1,"Unian","National","Around 9 January 2023 (week of), a Russian soldier raped an underage girl in Melitopol, Zaporizhia region. There is no indication that he was held responsible for the offence.",0,"women targeted: girls",1673986322,9340,"External/Other Forces"
"UKR115605",2022-08-30,2022,2,"Political violence","Violence against civilians","Sexual violence","Military Forces of Russia (2000-)",NA,8,78,"Civilian targeting",804,"Europe","Ukraine","Kharkiv","Iziumskyi","Iziumska","Izium",49.2088,37.2485,2,"ZMINA","Other","Around 30 August 2022 (week of), a Russian soldier offered help to a civilian family who ran out of fuel and was stuck on the road near Izium, Kharkiv, lured them into his yard, injured the man and attempted to rape the woman.",0,NA,1693927402,12784,"External/Other Forces"
"UKR100095",2022-08-21,2022,1,"Political violence","Violence against civilians","Sexual violence","Military Forces of Russia (2000-)",NA,8,78,"Civilian targeting",804,"Europe","Ukraine","Zaporizhia","Melitopolskyi","Melitopolska","Melitopol",46.8489,35.3653,1,"Insecurity Insight","International","On 21 August 2022, a Russian soldier reportedly attempted to rape a Ukrainian girl in the street in Melitopol, Zaporizhia. However, he was reportedly stopped by Ukrainian civilians who attacked him.",0,"women targeted: girls",1682436934,10092,"External/Other Forces"
"UKR100106",2022-07-28,2022,2,"Political violence","Violence against civilians","Sexual violence","Military Forces of Russia (2000-) Chechen Battalion of Ramzan Kadyrov",NA,8,78,"Civilian targeting",804,"Europe","Ukraine","Luhansk","Sievierodonetskyi","Lysychanska","Pryvillia",48.9998,38.3016,2,"Bellingcat; Insecurity Insight","Regional-International","Around 28 July 2022, a Russian soldier of the Kadyrov's Chechen Battalion castrated and then shot dead a captured Ukrainian soldier near a sanatorium in the area of Pryvillia, Luhansk. The videos of torture first appeared on a pro-Russian Telegram channel on 28 July.",1,NA,1682436934,1432,"External/Other Forces"
"UKR65375",2022-07-20,2022,2,"Political violence","Violence against civilians","Sexual violence","Military Forces of Russia (2000-)",NA,8,78,"Civilian targeting",804,"Europe","Ukraine","Luhansk","Luhanskyi","Luhanska","Luhansk",48.567,39.3171,1,"24 Channel","National","Around 20 July 2022 (between 13 - 27 July), a Russian soldier or a group of soldiers raped and killed 8 civilian women in Luhansk, Luhansk region.",8,NA,1659462991,182528,"External/Other Forces"
"UKR65417",2022-07-13,2022,3,"Political violence","Violence against civilians","Sexual violence","Military Forces of Russia (2000-)",NA,8,78,"Civilian targeting",804,"Europe","Ukraine","Zaporizhia","Melitopolskyi","Melitopolska","Melitopol",46.8489,35.3653,1,"Unian","National","Around 13 July 2022 (between 27 June - 27 July), a 13-years-old girl was raped and killed in Melitopol, Zaporizhia region. The body was found on July 27. The victim's family suspects Russian soldiers.",1,"women targeted: girls",1659462993,104593,"External/Other Forces"
"UKR76998",2022-07-10,2022,2,"Political violence","Violence against civilians","Sexual violence","Military Forces of Russia (2000-)",NA,8,78,"Civilian targeting",804,"Europe","Ukraine","Kharkiv","Iziumskyi","Iziumska","Izium",49.2088,37.2485,1,"ZMINA","Other","Around 10 July 2022 (week of), Russian soldiers abducted a woman in Izium, Kharkiv region, tortured her with electric current and repeatedly raped her, while holding in captivity for 10 days.",0,NA,1666712173,12784,"External/Other Forces"
"UKR78907",2022-07-01,2022,3,"Political violence","Violence against civilians","Sexual violence","Military Forces of Russia (2000-)",NA,8,78,"Civilian targeting",804,"Europe","Ukraine","Kharkiv","Iziumskyi","Iziumska","Izium",49.2088,37.2485,1,"HRW; Kharkiv Human Rights Protection Group","Other","Around 1 July 2022 (beginning of month), Russian forces illegally detained, tortured and raped for 10 days a female civilian in Izium, Kharkiv region. She was later released. Her husband was also detained and tortured.",0,NA,1681851847,12784,"External/Other Forces"
"UKR106279",2022-07-01,2022,2,"Political violence","Violence against civilians","Sexual violence","Military Forces of Russia (2000-)",NA,8,78,"Civilian targeting",804,"Europe","Ukraine","Kharkiv","Iziumskyi","Iziumska","Izium",49.2088,37.2485,1,"DIGNITY","International","Around 1 July 2022 (week of), Russian forces detained a woman in Izium, Kharkiv region, and held her captive for 10 days, subjecting her to rape and electric shocks.",0,NA,1686674856,12784,"External/Other Forces"
"UKR60676",2022-06-15,2022,1,"Political violence","Violence against civilians","Sexual violence","Military Forces of Russia (2000-)",NA,8,78,"Civilian targeting",804,"Europe","Ukraine","Zaporizhia","Vasylivskyi","Mykhailivska","Mykhailivka",47.2724,35.2224,1,"Suspilne Media","National","On 15 June 2022, Russian soldier raped a woman in occupied Mykhailivka, Zaporizhia.",0,NA,1655837877,5404,"External/Other Forces"
"UKR60281",2022-06-06,2022,1,"Political violence","Violence against civilians","Sexual violence","Military Forces of Russia (2000-)",NA,8,78,"Civilian targeting",804,"Europe","Ukraine","Zaporizhia","Berdianskyi","Berdianska","Berdiansk",46.7586,36.7845,1,"061.ua","Subnational","On 6 June 2022, a Russian serviceman raped a Ukrainian woman in Berdiansk, Zaporizhia region.",0,NA,1655837875,21832,"External/Other Forces"
"UKR58645",2022-05-15,2022,3,"Political violence","Violence against civilians","Sexual violence","Military Forces of Russia (2000-)",NA,8,78,"Civilian targeting",804,"Europe","Ukraine","Kherson","Khersonskyi","Hersonska","Kherson",46.6558,32.6178,3,"24 Channel","National","Around 15 May 2022 (month of), Russian forces several times raped Ukrainian children in Kherson region. At least three children died as a result of the sexual violence. Further casualties unknown.",3,NA,1654008407,148508,"External/Other Forces"
"UKR139588",2022-05-15,2022,3,"Political violence","Violence against civilians","Sexual violence","Military Forces of Russia (2000-)",NA,8,78,"Civilian targeting",804,"Europe","Ukraine","Zaporizhia","Polohivskyi","Tokmatska","Tokmak",47.2552,35.7124,2,"Suspilne Media","National","Around 15 May 2022 (month of), 2 Russian soldiers abducted and raped a Ukrainian civilian woman in Tokmak district (coded to Tokmak, Zaporizhia region).",0,NA,1704833931,10897,"External/Other Forces"
"UKR100090",2022-05-04,2022,2,"Political violence","Violence against civilians","Sexual violence","Military Forces of Russia (2000-)",NA,8,78,"Civilian targeting",804,"Europe","Ukraine","Kyiv City","Kyiv",NA,"Kyiv",50.4496,30.5224,3,"Insecurity Insight","International","Around 4 May 2022 (as reported), 3 to 5 Russian soldiers raped a 14-year-old girl in front of her mother in the Kyiv oblast.",0,"women targeted: girls",1682436934,77066,"External/Other Forces"
"UKR100104",2022-05-04,2022,2,"Political violence","Violence against civilians","Sexual violence","Military Forces of Russia (2000-)",NA,8,78,"Civilian targeting",804,"Europe","Ukraine","Kherson","Khersonskyi","Hersonska","Kherson",46.6558,32.6178,1,"Insecurity Insight","International","Around 4 May 2022 (as reported), a Russian officer repeatedly raped a female teacher and kept her as a sex slave in Kherson, Kherson. The officer threatened her family if she did not cooperate.",0,NA,1682436934,36282,"External/Other Forces"
"UKR100082",2022-04-27,2022,2,"Political violence","Violence against civilians","Sexual violence","Military Forces of Russia (2000-)",NA,8,78,"Civilian targeting",804,"Europe","Ukraine","Kyiv","Buchanskyi","Buchanska","Bucha",50.5435,30.212,2,"Insecurity Insight","International","Around 27 April 2022 (as reported), Russian soldiers raped an 11-year-old girl in an unspecified location in the Buchanskyi district, Kyiv. (coded to Bucha, Kyiv)",0,"women targeted: girls",1682436934,7583,"External/Other Forces"
"UKR56521",2022-04-25,2022,2,"Political violence","Violence against civilians","Sexual violence","Military Forces of Russia (2000-)",NA,8,78,"Civilian targeting",804,"Europe","Ukraine","Zaporizhia","Vasylivskyi","Malobilozerska","Orlianske",47.3349,35.1019,1,"061.ua","Subnational","Around 25 April 2022 (as reported), Russian forces raped a woman in Orlianske, Zaporizhia.",0,NA,1652217209,2382,"External/Other Forces"
"UKR100067",2022-04-22,2022,2,"Political violence","Violence against civilians","Sexual violence","Military Forces of Russia (2000-)",NA,8,78,"Civilian targeting",804,"Europe","Ukraine","Kyiv","Buchanskyi","Buchanska","Bucha",50.5435,30.212,3,"Insecurity Insight","International","Around 22 April 2022 (as reported), Russian soldiers raped a man in the Bucha district, Kyiv.",0,NA,1682436934,7583,"External/Other Forces"
"UKR100101",2022-04-22,2022,2,"Political violence","Violence against civilians","Sexual violence","Military Forces of Russia (2000-)",NA,8,78,"Civilian targeting",804,"Europe","Ukraine","Kherson","Khersonskyi","Hersonska","Kherson",46.6558,32.6178,3,"Insecurity Insight","International","Around 22 April 2022 (as reported), somewhere in the Kherson oblast, Russian soldiers raped a female local government worker in order to force her to cooperate. The perpetrators threatened that they would rape her again if she does not cooperate.",0,"local administrators; women targeted: government officials",1687837308,36282,"External/Other Forces"
"UKR139587",2022-04-15,2022,3,"Political violence","Violence against civilians","Sexual violence","Military Forces of Russia (2000-)",NA,8,78,"Civilian targeting",804,"Europe","Ukraine","Kharkiv","Kharkivskyi","Kharkivska","Kharkiv",49.9808,36.2527,3,"Suspilne Media","National","Around 15 April 2022 (month of), 3 Russian servicemen raped a Ukrainian civilian woman in one of the Kharkiv region settlements occupied at that moment (coded to Kharkiv, Kharkiv region).",0,NA,1704833931,63215,"External/Other Forces"
"UKR100087",2022-04-04,2022,3,"Political violence","Violence against civilians","Sexual violence","Military Forces of Russia (2000-)",NA,8,78,"Civilian targeting",804,"Europe","Ukraine","Mykolaiv","Mykolaivskyi","Mykolaivska","Mykolaiv",46.9672,32.0183,3,"Insecurity Insight","International","Around 4 April 2022 (as reported), Russian soldiers raped a three-year-old girl in Mykolaiv region. She was was found dead with signs of rape on 4 April. This was reported by the Ukrainian Ambassador to Estonia.",1,"women targeted: girls",1682436934,272908,"External/Other Forces"
"UKR100088",2022-04-04,2022,2,"Political violence","Violence against civilians","Sexual violence","Military Forces of Russia (2000-)",NA,8,78,"Civilian targeting",804,"Europe","Ukraine","Kyiv","Brovarskyi","Brovarska","Brovary",50.5181,30.8067,1,"Insecurity Insight","International","Around 4 April 2022, Russian soldiers dragged out an unspecified number of women out of their shelters and raped them in Brovary, Kyiv. The soldiers also looted and beat residents. This incident was reported by a Ukrainian woman who had recently fled the city. The woman also reported that some of the women who had been raped were then found hanged. It is unclear whether they were killed or whether they committed suicide. Unspecified fatalities coded as 3.",3,NA,1682436934,123289,"External/Other Forces"
"UKR100084",2022-04-03,2022,2,"Political violence","Violence against civilians","Sexual violence","Military Forces of Russia (2000-)",NA,8,78,"Civilian targeting",804,"Europe","Ukraine","Donetsk","Mariupolskyi","Mariupolska","Mariupol",47.1298,37.571,2,"Insecurity Insight","International","Around 3 April 2022, an unspecified number of Russian soldiers raped and killed a woman in the district of Mariupol, Donetsk.",1,NA,1682436934,121389,"External/Other Forces"
"UKR100096",2022-04-03,2022,1,"Political violence","Violence against civilians","Sexual violence","Military Forces of Russia (2000-)",NA,8,78,"Civilian targeting",804,"Europe","Ukraine","Kherson","Khersonskyi","Hersonska","Kherson",46.6558,32.6178,1,"Insecurity Insight","International","On 3 April 2022, two Russian soldiers raped at gunpoint a woman inside her residence in Kherson, Kherson, after a local resident identified her as the wife of a Ukrainian soldier.",0,"women targeted: relatives of targeted groups or persons",1682436934,36282,"External/Other Forces"
"UKR100112",2022-04-03,2022,2,"Political violence","Violence against civilians","Sexual violence","Military Forces of Ukraine (2019-) Territorial Defense Forces",NA,1,17,"Civilian targeting",804,"Europe","Ukraine","Vinnytsia","Vinnytskyi","Vinnytska","Vinnytsia",49.2296,28.4659,1,"Insecurity Insight","International","Around 3 April 2022, a member of the Ukrainian territorial defence sexually assaulted a teacher in Vinnytsia, as he tried dragging her into the school library and tried to rape her. The perpetrator has been arrested.",0,NA,1682436934,49741,"State Actor"
"UKR100081",2022-04-02,2022,2,"Political violence","Violence against civilians","Sexual violence","Military Forces of Russia (2000-)",NA,8,78,"Civilian targeting",804,"Europe","Ukraine","Donetsk","Mariupolskyi","Mariupolska","Mariupol",47.1298,37.571,1,"Insecurity Insight","International","Around 2 April 2022 (as reported), Russian soldiers raped and killed a girl in Mariupol, Donetsk. This incident was reported on 2 April 2022 by a friend of the girl.",1,"women targeted: girls",1682436934,121389,"External/Other Forces"
"UKR100085",2022-03-30,2022,2,"Political violence","Violence against civilians","Sexual violence","Military Forces of Russia (2000-)",NA,8,78,"Civilian targeting",804,"Europe","Ukraine","Donetsk","Mariupolskyi","Mariupolska","Mariupol",47.1298,37.571,2,"Insecurity Insight","International","Around 30 March 2022, Russian soldiers repeatedly raped and killed a woman in front of her son in the Mariupol district, Donetsk.",1,NA,1682436934,121389,"External/Other Forces"
"UKR100086",2022-03-30,2022,2,"Political violence","Violence against civilians","Sexual violence","Military Forces of Russia (2000-)",NA,8,78,"Civilian targeting",804,"Europe","Ukraine","Kyiv","Buchanskyi","Buchanska","Bucha",50.5435,30.212,2,"Insecurity Insight","International","Around 30 March 2022, three Russian soldiers from a tank unit abducted and raped a 16-year-old girl (likely near Bucha, Kyiv). This incident was reported by the Ukrainian Security Service (SBU) who intercepted a phone call between a Russian soldier and a woman in Russia.",0,"women targeted: girls",1682436934,7583,"External/Other Forces"
"UKR100103",2022-03-30,2022,2,"Political violence","Violence against civilians","Sexual violence","Military Forces of Russia (2000-)",NA,8,78,"Civilian targeting",804,"Europe","Ukraine","Kyiv","Buchanskyi","Irpinska","Irpin",50.5218,30.2506,1,"Insecurity Insight","International","Around 30 March 2022 (as reported), Russian soldiers forced to undress and beat an unspecified number of female and male civilians hiding in a basement in Irpin, Kyiv.",0,NA,1682436934,13758,"External/Other Forces"
"UKR100083",2022-03-27,2022,2,"Political violence","Violence against civilians","Sexual violence","Military Forces of Russia (2000-)",NA,8,78,"Civilian targeting",804,"Europe","Ukraine","Kyiv","Buchanskyi","Buchanska","Bucha",50.5435,30.212,2,"Insecurity Insight","International","Around 27 March 2022, on a highway 20km outside Kyiv, in the Bucha district, the bodies of three women were found naked and partially burned. This event occurred whilst the area was under Russian occupation and was reported on 3 April 2022, once the area was liberated.",3,NA,1682436934,29995,"External/Other Forces"
"UKR100109",2022-03-26,2022,1,"Political violence","Violence against civilians","Sexual violence","Military Forces of Russia (2000-) Chechen Battalion of Ramzan Kadyrov",NA,8,78,"Civilian targeting",804,"Europe","Ukraine","Donetsk","Mariupolskyi","Mariupolska","Mariupol",47.1298,37.571,2,"Insecurity Insight","International","On 26 March 2022, a Russian soldier, likely a Kadyrov's fighter, raped a 19-year-old girl hiding in the basement of a building near Mariupol, Donetsk.",0,NA,1682436934,24902,"External/Other Forces"
"UKR76968",2022-03-20,2022,3,"Political violence","Violence against civilians","Sexual violence","Military Forces of Russia (2000-)",NA,8,78,"Civilian targeting",804,"Europe","Ukraine","Chernihiv","Chernihivskyi","Chepnigivska","Chernihiv",51.5055,31.2849,3,"Suspilne Media","National","Around 20 March 2022 (between 10 March - 31 March), Russian soldiers were residing in a civilian house in a village in Chernihiv region (coded to Chernihiv, Chernihiv region) for 3 weeks, while one of the soldiers was sexually assaulting a 16-year-old girl in that household. Her relatives were also threatened and physically assaulted.",0,"women targeted: girls",1666712172,39323,"External/Other Forces"
"UKR100080",2022-03-19,2022,2,"Political violence","Violence against civilians","Sexual violence","Military Forces of Russia (2000-)",NA,8,78,"Civilian targeting",804,"Europe","Ukraine","Kyiv","Buchanskyi","Buchanska","Vorzel",50.5444,30.153,1,"Insecurity Insight","International","Around 19 March 2022 (as reported), 1n Kyiv Oblast, Russian soldiers raped and held hostage for 10 days a 15-year-old girl in Vorzel, Kyiv. The attack was filmed by the soldiers on a mobile phone.",0,"women targeted: girls",1682436934,5821,"External/Other Forces"
"UKR77839",2022-03-17,2022,2,"Political violence","Violence against civilians","Sexual violence","Military Forces of Russia (2000-)",NA,8,78,"Civilian targeting",804,"Europe","Ukraine","Kyiv","Buchanskyi","Buchanska","Bucha",50.5435,30.212,1,"NYT","International","Around 17 March 2022 (week of), a Ukrainian woman disappeared in Bucha, Kyiv region, during the occupation of the settlement by Russian forces. She was found dead, shot in the head by Russian soldiers. She has also been raped.",1,NA,1667319409,29995,"External/Other Forces"
"UKR54928",2022-03-15,2022,3,"Political violence","Violence against civilians","Sexual violence","Military Forces of Russia (2000-)",NA,8,78,"Civilian targeting",804,"Europe","Ukraine","Kharkiv","Kharkivskyi","Kharkivska","Kharkiv",49.9808,36.2527,3,"24 Channel","National","Around 15 March 2022 (month of), a Russian soldier repeatedly raped a 29-year-old woman in Kharkiv region, and killed her old mother, when the daughter refused to go to Russia with the soldier.",1,NA,1649784778,326268,"External/Other Forces"
"UKR54937",2022-03-15,2022,3,"Political violence","Violence against civilians","Sexual violence","Military Forces of Russia (2000-)",NA,8,78,"Civilian targeting",804,"Europe","Ukraine","Kyiv","Buchanskyi","Irpinska","Irpin",50.5218,30.2506,1,"Segodnya","National","Around 15 March 2022 (month of), five Russian soldiers raped a 20-year-old woman in Irpin, Kyiv.",0,NA,1649784779,13758,"External/Other Forces"
"UKR54934",2022-03-15,2022,3,"Political violence","Violence against civilians","Sexual violence","Military Forces of Russia (2000-)",NA,8,78,"Civilian targeting",804,"Europe","Ukraine","Kyiv","Buchanskyi","Buchanska","Bucha",50.5435,30.212,1,"Segodnya","National","Around 15 March 2022 (month of), Russian soldiers raped a 11-year-old boy in Bucha, Kyiv.",0,NA,1649784779,7583,"External/Other Forces"
"UKR76315",2022-03-15,2022,3,"Political violence","Violence against civilians","Sexual violence","Military Forces of Russia (2000-)",NA,8,78,"Civilian targeting",804,"Europe","Ukraine","Kharkiv","Iziumskyi","Balakliiska","Balakliia",49.4606,36.8527,1,"Kharkiv Human Rights Protection Group","Other","Around 15 March 2022 (month of), Russian forces captured and abducted a woman and her daughter in Balakliia, Kharkiv region. The daughter was raped while the woman was abused by Russian forces.",0,NA,1666188230,7520,"External/Other Forces"
"UKR78906",2022-03-15,2022,3,"Political violence","Violence against civilians","Sexual violence","Military Forces of Russia (2000-)",NA,8,78,"Civilian targeting",804,"Europe","Ukraine","Kyiv City","Kyiv",NA,"Kyiv",50.4496,30.5224,3,"Suspilne Media","National","Around 15 March 2022 (month of), a Russian soldier raped a pregnant woman in the Kyiv region (coded to Kyiv, Kyiv). As a result, the woman lost her child.",0,NA,1667924777,77066,"External/Other Forces"
"UKR100074",2022-03-15,2022,3,"Political violence","Violence against civilians","Sexual violence","Military Forces of Russia (2000-)",NA,8,78,"Civilian targeting",804,"Europe","Ukraine","Kyiv","Buchanskyi","Irpinska","Irpin",50.5218,30.2506,2,"Insecurity Insight","International","Around 15 March 2022 (month of), according to a local NGO, Russian soldiers sexually assaulted at least 50 women near Irpin, Kyiv. This incident was reported on 22 April 2022 and likely occurred in March 2022 whilst the area was under Russian occupation",0,NA,1682436934,13758,"External/Other Forces"
"UKR100075",2022-03-15,2022,3,"Political violence","Violence against civilians","Sexual violence","Military Forces of Russia (2000-)",NA,8,78,"Civilian targeting",804,"Europe","Ukraine","Kyiv","Buchanskyi","Buchanska","Bucha",50.5435,30.212,3,"Insecurity Insight","International","Around 15 March 2022 (month of), in an unspecified location in Kyiv Oblast (coded to Bucha), a volunteer helping evacuate residents in the area reported three naked women emerging from houses and basements. One of the women was badly beaten and had bone fractures, and was taken away by ambulance. The volunteer also reported witnessing about 10 other women giving statements to police about being raped. This incident occurred whilst the area was under Russian occupation and was reported on 1 April 2022 after the area was liberated.",0,NA,1682436934,7583,"External/Other Forces"
"UKR100076",2022-03-15,2022,3,"Political violence","Violence against civilians","Sexual violence","Military Forces of Russia (2000-)",NA,8,78,"Civilian targeting",804,"Europe","Ukraine","Kyiv","Buchanskyi","Buchanska","Bucha",50.5435,30.212,1,"Insecurity Insight","International","Around 15 March 2022 (month of), Russian soldiers raped and killed an unspecified number of women in Bucha, Kyiv. The women's bodies were found burned. This incident occurred in March 2022 whilst the town was under Russian occupation and was reported on 3 April 2022. Unspecified fatalities coded as 3.",3,NA,1682436934,29995,"External/Other Forces"
"UKR100077",2022-03-15,2022,3,"Political violence","Violence against civilians","Sexual violence","Military Forces of Russia (2000-)",NA,8,78,"Civilian targeting",804,"Europe","Ukraine","Kyiv","Buchanskyi","Buchanska","Lubyanka",50.6541,30.1701,1,"Insecurity Insight","International","Around 15 March 2022 (month of), Russian soldiers raped three women in front of their children in Lubyanka, Kyiv.",0,NA,1682436934,989,"External/Other Forces"
"UKR100078",2022-03-15,2022,3,"Political violence","Violence against civilians","Sexual violence","Military Forces of Russia (2000-)",NA,8,78,"Civilian targeting",804,"Europe","Ukraine","Kyiv","Buchanskyi","Buchanska","Zdvyzhivka",50.675,30.0664,1,"Insecurity Insight","International","Around 15 March 2022 (month of), three Russian soldiers raped a woman at gunpoint, in front of her three-year-old son, in Zdvyzhivka, Kyiv.",0,NA,1682436934,1923,"External/Other Forces"
"UKR100079",2022-03-15,2022,2,"Political violence","Violence against civilians","Sexual violence","Military Forces of Russia (2000-)",NA,8,78,"Civilian targeting",804,"Europe","Ukraine","Kyiv","Buchanskyi","Buchanska","Bucha",50.5435,30.212,1,"Insecurity Insight","International","Around 15 March 2022, Russian soldiers tortured and raped a 22-year-old woman, dragging her into a yard close to her residence in Bucha, Kyiv. The woman, another woman, and a man who attempted to help the woman were shot and killed by Russian soldiers. The victims' bodies were left in their yard for at least 10 days. This incident occurred in mid-March whilst the area was under Russian occupation and was reported on 22 April 2022, after the woman's body was found in a mass grave.",3,NA,1682436934,29995,"External/Other Forces"
"UKR54929",2022-03-15,2022,3,"Political violence","Violence against civilians","Sexual violence","Military Forces of Russia (2000-)",NA,8,78,"Civilian targeting",804,"Europe","Ukraine","Kherson","Khersonskyi","Hersonska","Kherson",46.6558,32.6178,3,"24 Channel; Insecurity Insight","National-International","Around 15 March 2022 (month of), Russian forces raped a 78-year-old woman in the Kherson region. (coded to Kherson city as the exact location is unknown)",0,NA,1682436936,36282,"External/Other Forces"
"UKR54933",2022-03-15,2022,3,"Political violence","Violence against civilians","Sexual violence","Military Forces of Russia (2000-)",NA,8,78,"Civilian targeting",804,"Europe","Ukraine","Kyiv","Buchanskyi","Buchanska","Bucha",50.5435,30.212,1,"24 Channel; Insecurity Insight; Suspilne Media","National-International","Around 15 March 2022 (month of), Russian soldiers held captive and repeatedly raped 25 girls and women aged between 14 and 24, in a basement in Bucha, Kyiv. The women reported that the soldiers told them they would rape them to prevent them from having Ukrainian children. Nine of the women got pregnant. This incident was reported by Lyudmyla Denisova, the Ukrainian Parliament's Human Rights Commissioner on 6 April 2022. This incident occurred in March 2022 whilst the town was under Russian occupation.",0,"women targeted: girls",1682436936,7583,"External/Other Forces"
"UKR100068",2022-03-13,2022,2,"Political violence","Violence against civilians","Sexual violence","Military Forces of Russia (2000-)",NA,8,78,"Civilian targeting",804,"Europe","Ukraine","Kyiv","Buchanskyi","Irpinska","Irpin",50.5218,30.2506,1,"Insecurity Insight","International","Around 13 March 2022 (as reported), an unspecified number of soldiers raped a 15-year-old girl and her mother in Irpin, Kyiv. The event was reported on 4 April 2022 by a Ukrainian refugee who had recently fled the city. The event occurred in March 2022 whilst the town was under Russian occupation.",0,"women targeted: girls",1682436934,13758,"External/Other Forces"
"UKR100069",2022-03-13,2022,2,"Political violence","Violence against civilians","Sexual violence","Military Forces of Russia (2000-)",NA,8,78,"Civilian targeting",804,"Europe","Ukraine","Kyiv","Buchanskyi","Buchanska","Bucha",50.5435,30.212,1,"Insecurity Insight","International","Around 13 March 2022 (as reported), Russian soldiers raped a 9-year-old girl inside her residence in Bucha, Kyiv, whilst her mother went out for water. A woman who tried to rescue the girl was beaten by the soldiers.",0,"women targeted: girls",1682436934,7583,"External/Other Forces"
"UKR100070",2022-03-13,2022,2,"Political violence","Violence against civilians","Sexual violence","Military Forces of Russia (2000-)",NA,8,78,"Civilian targeting",804,"Europe","Ukraine","Kyiv","Buchanskyi","Irpinska","Irpin",50.5218,30.2506,1,"Insecurity Insight","International","Around 13 March 2022 (as reported), three Russian soldiers raped a woman in Irpin, Kyiv. This event was reported on 8 April 2022.",0,NA,1682436934,13758,"External/Other Forces"
"UKR100071",2022-03-13,2022,2,"Political violence","Violence against civilians","Sexual violence","Military Forces of Russia (2000-)",NA,8,78,"Civilian targeting",804,"Europe","Ukraine","Kyiv","Buchanskyi","Hostomelska","Hostomel",50.5882,30.259,2,"Insecurity Insight","International","Around 13 March 2022, a Russian soldier kidnapped a woman from her residence and raped her in an abandoned building around Hostomel, Kyiv.",0,NA,1682436934,6153,"External/Other Forces"
"UKR100072",2022-03-13,2022,2,"Political violence","Violence against civilians","Sexual violence","Military Forces of Russia (2000-)",NA,8,78,"Civilian targeting",804,"Europe","Ukraine","Kherson","Khersonskyi","Hersonska","Kherson",46.6558,32.6178,3,"Insecurity Insight","International","Around 13 March 2022, a Russian soldier raped and strangled a 16-year-old girl, who was six months pregnant, in the Kherson oblast. He also threatened to kill her and bring '20 more people', if she did not do as he wanted. The soldier was allegedly from Donetsk and was called 'Blue' by other soldiers. The girl reported that the soldier was drunk at the time of the attack and that the other soldier who was also there warned the soldier against raping the girl.",0,"women targeted: girls",1682436934,36282,"External/Other Forces"
"UKR100073",2022-03-13,2022,2,"Political violence","Violence against civilians","Sexual violence","Military Forces of Russia (2000-)",NA,8,78,"Civilian targeting",804,"Europe","Ukraine","Kyiv","Vyshhorodskyi","Ivankivska","Ivankiv",50.9387,29.8943,1,"Insecurity Insight","International","Around 13 March 2022, Russian soldiers raped a 15-year-old and 16-year-old girl in Ivankiv, Kyiv, according to the deputy mayor of the town. This incident occurred in March 2022 whilst the area was under Russian occupation.",0,"women targeted: girls",1682436934,4072,"External/Other Forces"
"UKR100105",2022-03-13,2022,2,"Political violence","Violence against civilians","Sexual violence","Military Forces of Russia (2000-)",NA,8,78,"Civilian targeting",804,"Europe","Ukraine","Kyiv","Buchanskyi","Irpinska","Irpin",50.5218,30.2506,1,"Insecurity Insight","International","Around 13 March 2022 (as reported), two children under the age of 10 were reportedly found dead with signs of rape and torture in Irpin, Kyiv. This incident was reported by Lyudmyla Denisova, Ombudsman for Human Rights in Ukraine on 5 April and likely occurred in March 2022 whilst the town was under Russian occupation.",2,NA,1682436934,33868,"External/Other Forces"
"UKR54925",2022-03-13,2022,1,"Political violence","Violence against civilians","Sexual violence","Military Forces of Russia (2000-)",NA,8,78,"Civilian targeting",804,"Europe","Ukraine","Kharkiv","Kharkivskyi","Vilkhivska","Mala Rohan",49.9385,36.4912,1,"Insecurity Insight; Segodnya","National-International","On 13 March 2022, a Russian soldier raped a woman multiple times at gunpoint in Mala Rohan, Kharkiv, after entering the school where she and her family were sheltering in along with around 40 other IDPs, mostly women and girls. The soldier beat her and cut her face, neck and hair with a knife.",0,NA,1682436936,829,"External/Other Forces"
"UKR100091",2022-03-09,2022,2,"Political violence","Violence against civilians","Sexual violence","Military Forces of Russia (2000-)",NA,8,78,"Civilian targeting",804,"Europe","Ukraine","Kyiv","Buchanskyi","Hostomelska","Hostomel",50.5882,30.259,1,"Insecurity Insight","International","Around 9 March 2022, an unidentified perpetrator raped a 11-year-old girl in Hostomel, Kyiv. This incident likely took place under Russian occupation.",0,"women targeted: girls",1682436934,6153,"External/Other Forces"
"UKR100092",2022-03-09,2022,2,"Political violence","Violence against civilians","Sexual violence","Military Forces of Russia (2000-)",NA,8,78,"Civilian targeting",804,"Europe","Ukraine","Kyiv","Buchanskyi","Buchanska","Bucha",50.5435,30.212,3,"Insecurity Insight","International","Around 9 March 2022, Russian soldiers raped a woman in the Bucha district, Kyiv. This incident is likely to have occurred sometime in March whilst the area was under Russian occupation. This incident was reported on 22 April 2022.",0,NA,1682436934,7583,"External/Other Forces"
"UKR100093",2022-03-09,2022,2,"Political violence","Violence against civilians","Sexual violence","Military Forces of Russia (2000-)",NA,8,78,"Civilian targeting",804,"Europe","Ukraine","Kyiv","Buchanskyi","Irpinska","Irpin",50.5218,30.2506,2,"Insecurity Insight","International","Around 9 March 2022, seven Russian soldiers raped a woman near Irpin, Kyiv, forcing other Ukrainian detainees to watch. This incident was reported on 22 April 2022.",0,NA,1682436934,13758,"External/Other Forces"
"UKR100094",2022-03-09,2022,2,"Political violence","Violence against civilians","Sexual violence","Military Forces of Russia (2000-)",NA,8,78,"Civilian targeting",804,"Europe","Ukraine","Kyiv","Buchanskyi","Irpinska","Irpin",50.5218,30.2506,1,"Insecurity Insight","International","Around 9 March 2022, three Russian soldiers beat, raped, and killed a 15-year-old girl and her mother in Irpin, Kyiv, while forcing another 17-year-old girl to watch. The survivor girl said that soldiers told her to pass on the story. This incident occurred whilst the city was still under Russian occupation.",2,NA,1682436934,33868,"External/Other Forces"
"UKR100099",2022-03-09,2022,1,"Political violence","Violence against civilians","Sexual violence","Military Forces of Russia (2000-)",NA,8,78,"Civilian targeting",804,"Europe","Ukraine","Kyiv","Buchanskyi","Buchanska","Bucha",50.5435,30.212,2,"Insecurity Insight","International","On 9 March 2022, two Russian soldiers raped two women near Bucha, Kyiv. The soldiers broke into the women's residence and took them to an abandoned house where the soldiers assaulted the women. One of the women reported being forced to knock on residents' houses in order to find other women.",0,NA,1682436934,7583,"External/Other Forces"
"UKR100100",2022-03-09,2022,1,"Political violence","Violence against civilians","Sexual violence","Military Forces of Russia (2000-)",NA,8,78,"Civilian targeting",804,"Europe","Ukraine","Kyiv","Brovarskyi","Brovarska","Brovary",50.5181,30.8067,1,"Insecurity Insight","International","On 9 March 2022, two Russian soldiers, including a commander, repeatedly raped at gunpoint a woman inside her home in Brovary, Kyiv. Her husband had been shot and killed earlier and her four-year-old child was threatened. One of the soldiers has been identified and a warrant for his arrest has been issued. The other soldier has not yet been identified. The commander has also been accused of multiple other rapes.",1,NA,1682436934,123289,"External/Other Forces"
"UKR100102",2022-03-09,2022,2,"Political violence","Violence against civilians","Sexual violence","Military Forces of Russia (2000-)",NA,8,78,"Civilian targeting",804,"Europe","Ukraine","Kyiv","Buchanskyi","Hostomelska","Hostomel",50.5882,30.259,2,"Insecurity Insight","International","Around 9 March 2022, Russian soldiers tortured, raped and killed two women, including a doctor, near Hostomel, Kyiv.",2,NA,1682436934,13688,"External/Other Forces"
"UKR100107",2022-03-09,2022,2,"Political violence","Violence against civilians","Sexual violence","Military Forces of Russia (2000-) Chechen Battalion of Ramzan Kadyrov",NA,8,78,"Civilian targeting",804,"Europe","Ukraine","Kyiv","Buchanskyi","Buchanska","Bucha",50.5435,30.212,3,"Insecurity Insight","International","Around 9 March 2022, a 34-year-old woman reported witnessing Kadyrovites raping and hanging her neighbours, a 16-year-old girl and a 48-year-old woman, likely in the Bucha district, Kyiv. The woman reported the incident to a psychologist and said she was not raped herself. This incident occurred in March whilst the area was under Russian occupation.",2,"women targeted: girls",1682436934,29995,"External/Other Forces"
"UKR100108",2022-03-09,2022,2,"Political violence","Violence against civilians","Sexual violence","Military Forces of Russia (2000-) Chechen Battalion of Ramzan Kadyrov",NA,8,78,"Civilian targeting",804,"Europe","Ukraine","Kyiv","Buchanskyi","Irpinska","Irpin",50.5218,30.2506,2,"Insecurity Insight","International","Around 9 March 2022, Kadyrov's Chechen soldiers sexually abused a 15-year-old girl and her mother near Irpin, Kyiv. This incident was reported on 22 April 2022.",0,"women targeted: girls",1682436934,13758,"External/Other Forces"
"UKR100098",2022-03-08,2022,1,"Political violence","Violence against civilians","Sexual violence","Military Forces of Russia (2000-)",NA,8,78,"Civilian targeting",804,"Europe","Ukraine","Kyiv","Brovarskyi","Kalytianska","Kalyta",50.7476,31.0211,1,"Insecurity Insight","International","On 8 March 2022, a Russian soldier, commander at that time, raped a woman in Kalyta, Kyiv, when the village was occupied by Russian forces. This event was reported on 4 April 2022.",0,NA,1682436934,1866,"External/Other Forces"
"UKR55416",2022-03-07,2022,1,"Political violence","Violence against civilians","Sexual violence","Military Forces of Russia (2000-)","Military Forces of Russia (2000-) Chechen Battalion of Ramzan Kadyrov",8,78,"Civilian targeting",804,"Europe","Ukraine","Kyiv City","Kyiv",NA,"Kyiv",50.4496,30.5224,3,"Novoye Vremya Ukraine","National","On 7 March 2022, Russian soldiers, including Russian Chechen fighters, raped a woman in Kyiv region and killed her husband.",1,NA,1650394650,196577,"External/Other Forces"
"UKR100110",2022-03-07,2022,1,"Political violence","Violence against civilians","Sexual violence","Military Forces of Russia (2000-) Chechen Battalion of Ramzan Kadyrov",NA,8,78,"Civilian targeting",804,"Europe","Ukraine","Kyiv","Buchanskyi","Irpinska","Romanivka",50.4887,30.2595,2,"Insecurity Insight","International","On 7 March 2022, a Kadyrov's soldier raped and killed a woman near Romanivka, Kyiv. The woman was taken from her home and taken to a nearby abandoned home. The woman was buried in the garden of the house by Russian soldiers who found her body.",1,NA,1682436934,2902,"External/Other Forces"
"UKR100111",2022-03-07,2022,1,"Political violence","Violence against civilians","Sexual violence","Military Forces of Russia (2000-) Chechen Battalion of Ramzan Kadyrov",NA,8,78,"Civilian targeting",804,"Europe","Ukraine","Kyiv","Buchanskyi","Irpinska","Irpin",50.5218,30.2506,2,"Insecurity Insight","International","On 7 March 2022, a Kadyrov's soldier threatened and raped at gunpoint a woman near Irpin, Kyiv. The woman reported that four other soldiers entered whilst she was being attacked and took the solider away. The woman's husband was shot and killed after attempting to stop the soldier.",1,NA,1682436934,33868,"External/Other Forces"
"UKR100089",2022-03-04,2022,2,"Political violence","Violence against civilians","Sexual violence","Military Forces of Russia (2000-)",NA,8,78,"Civilian targeting",804,"Europe","Ukraine","Kherson","Khersonskyi","Hersonska","Kherson",46.6558,32.6178,2,"Insecurity Insight","International","Around 4 March 2022, Russian forces raped and killed a 17-year-old girl around Kherson, after they occupied the city on 1 March. This incident was reported by a local woman living in the city during a broadcast with CNN.",1,"women targeted: girls",1682436934,148508,"External/Other Forces"
"UKR100097",2022-03-04,2022,1,"Political violence","Violence against civilians","Sexual violence","Military Forces of Russia (2000-)",NA,8,78,"Civilian targeting",804,"Europe","Ukraine","Kherson","Khersonskyi","Hersonska","Kherson",46.6558,32.6178,2,"Insecurity Insight","International","On 4 March 2022, Russian soldiers raped a 40-year-old woman and her 17-year-old daughter around Kherson. The woman and her daughter reported attending rallies against the Russian occupation of the city where they encountered psychological and physical abuse from Russian soldiers.",0,"women targeted: girls",1682436934,36282,"External/Other Forces"
"UKR68063",2022-03-01,2022,2,"Political violence","Violence against civilians","Sexual violence","Military Forces of Russia (2000-)",NA,8,78,"Civilian targeting",804,"Europe","Ukraine","Mykolaiv","Bashtanskyi","Bashtanska","Bashtanka",47.4072,32.4387,2,"Insecurity Insight; ZMINA","Other-International","Around 1 March 2022, a Russian soldier raped a 31-year-old woman inside her home near Bashtanka, Mykolaiv. She and her child were also threatened with violence. The soldier was allegedly carrying out filtering measures and checking all the residents of the village.",0,NA,1682436937,12737,"External/Other Forces"
"UKR55415",2022-02-28,2022,1,"Political violence","Violence against civilians","Sexual violence","Military Forces of Russia (2000-)",NA,8,78,"Civilian targeting",804,"Europe","Ukraine","Kyiv","Buchanskyi","Buchanska","Bucha",50.5435,30.212,1,"NBC News","International","On 28 February 2022, a Russian soldier raped a 28-year-old woman in Bucha, Kyiv.",0,NA,1650394650,7583,"External/Other Forces"
"UKR48294",2021-10-13,2021,2,"Political violence","Violence against civilians","Sexual violence","Police Forces of Ukraine (2019-)","Former Police Forces of Ukraine (2019-)",1,17,"Civilian targeting",804,"Europe","Ukraine","Poltava","Lubenskyi","Orzhytska","Chevelcha",49.8394,32.4848,1,"Novoye Vremya Ukraine; Focus; Reporter-ua","National","Around 13 October 2021, a police officer and a former police officer raped a woman in Chevelcha, Poltava. The woman was hospitalised.",0,NA,1634664072,880,"State Actor"
"UKR41497",2020-11-23,2020,2,"Political violence","Violence against civilians","Sexual violence","Police Forces of Ukraine (2019-)",NA,1,17,"Civilian targeting",804,"Europe","Ukraine","Lviv","Stryiskyi","Stryiska","Stryi",49.2622,23.8561,1,"Stop Corruption","National","Around 23 November 2020, two police officers raped and threw a woman out of a window in Stryi, Lviv. [Coded according to the victim's version].",0,NA,1618494651,26396,"State Actor"
"UKR38028",2020-06-01,2020,1,"Political violence","Violence against civilians","Sexual violence","NAF: United Armed Forces of Novorossiya","Donetsk People's Militia",2,27,"Civilian targeting",804,"Europe","Ukraine","Donetsk","Horlivskyi","Horlivska","Horlivka",48.3133,38.0416,1,"Sprotyv","National","On 1 June 2020, a member of the DPR rebel forces reportedly raped and killed a civilian woman in Horlivka, Donetsk.",1,NA,1680636700,14449,"Rebel Group"
"UKR37755",2020-05-23,2020,1,"Political violence","Violence against civilians","Sexual violence","Police Forces of Ukraine (2019-)",NA,1,17,"Civilian targeting",804,"Europe","Ukraine","Kyiv","Obukhivskyi","Kaharlytska","Kaharlyk",49.8623,30.8282,1,"Novoye Vremya Ukraine; 24 Channel; Segodnya","National","On 23 May 2020, two police officers beat, raped, strangled and shot a pistol over the head of a civilian woman who had been called to the police department as a witness in Kaharlyk, Kiev. The police officers are also accused of beating a civilian man the same night.",0,NA,1618501824,5552,"State Actor"
"UKR36758",2020-04-30,2020,1,"Political violence","Violence against civilians","Sexual violence","Unidentified Armed Group (Ukraine)",NA,3,37,"Civilian targeting",804,"Europe","Ukraine","Zhytomyr","Zhytomyrskyi","Zhytomyrska","Zhytomyr",50.2649,28.6767,3,"24 Channel","National","On 30 April 2020, five people met through a dating app a transgender woman in Zhytomyr region, then violently beat and raped her.",0,NA,1679428444,44707,"Political Militias"
"UKR23831",2019-08-08,2019,2,"Political violence","Violence against civilians","Sexual violence","NAF: United Armed Forces of Novorossiya",NA,2,27,"Civilian targeting",804,"Europe","Ukraine","Donetsk","Donetskyi","Donetska","Donetsk",48.015,37.8014,2,"Sprotyv; Segodnya","National","As reported on 8 August, several NAF rebels beat and raped a civilian woman in the area of Donetsk city.",0,NA,1618584160,NA,"Rebel Group"
"UKR40652",2019-05-15,2019,1,"Political violence","Violence against civilians","Sexual violence","Police Forces of Ukraine (2014-2019)",NA,1,17,"Civilian targeting",804,"Europe","Ukraine","Kharkiv","Kharkivskyi","Kharkivska","Kharkiv",49.9808,36.2527,1,"ZMINA","Other","On 15 May 2019, police officers tortured with electricity, beat and strangled a man in a police department in Kharkiv in an attempt to extract a confession. Part of the torture was performed on the victim's genitals.",0,NA,1678830929,NA,"State Actor"
"UKR19004",2019-04-20,2019,1,"Political violence","Violence against civilians","Sexual violence","Military Forces of Ukraine (2014-2019)",NA,1,17,"Civilian targeting",804,"Europe","Ukraine","Luhansk","Shchastynskyi","Nyzhnoteplivska","Nyzhnyoteple",48.7947,39.3512,1,"Lugansk Media Centre","Subnational","On 20 April 2019, according to Lugansk Media Centre, two Ukrainian servicemen threatened with a weapon and raped a civilian woman in Nyzhnyoteple, Luhansk.",0,NA,1649875502,NA,"State Actor"
"UKR18046",2019-03-07,2019,1,"Political violence","Violence against civilians","Sexual violence","Unidentified Armed Group (Ukraine)","Police Forces of Ukraine (2014-2019) Prison Guards; Prisoners (Ukraine)",3,37,"Civilian targeting",804,"Europe","Ukraine","Zaporizhia","Berdianskyi","Berdianska","Berdiansk",46.7586,36.7845,1,"ZMINA","Other","As reported on 7 March, a former Ukrainian soldier who fought in Donbass was raped by his inmates in a corrective colony in Berdiansk, Zaporizhia. According to a Human Rights Information report the attackers were instructed to do so by the administration of the colony. On the next day, the victim was pressured by law enforcers to write a statement that he has no claims against the police and military prosecution.",0,NA,1654034429,NA,"Political Militias"
"UKR13873",2018-12-20,2018,1,"Political violence","Violence against civilians","Sexual violence","Police Forces of Ukraine (2014-2019)",NA,1,17,"Civilian targeting",804,"Europe","Ukraine","Kyiv City","Kyiv",NA,"Kyiv - Solomyanskyi",50.4267,30.4538,1,"ZMINA","Other","On Dec. 20 2018, policemen arrested four women, two of whom were pregnant. According to their attorney, the police took the women in a separate room near the Politekhnichnyi Institut metro station in Kiev, stripped them to underwear and threatened them with rape. Then one of the policemen started beating the women with a baton.",0,NA,1654034429,NA,"State Actor"
"UKR2200",2018-03-05,2018,1,"Political violence","Violence against civilians","Sexual violence","Unidentified Armed Group (Ukraine)",NA,3,37,"Civilian targeting",804,"Europe","Ukraine","Mykolaiv","Mykolaivskyi","Mykolaivska","Mykolaiv",46.9672,32.0183,1,"ZMINA","Other","On 5 March 2018, three minors killed a gay person in Mykolaiv. Three residents of Luhansk region, age from 16 to 17, found a male LGBT victim on a dating site and made him intimate offers. At his home they filmed an intimate video, threatening to post it for the public, and afterwards drowned the victim in the bathtub.",1,NA,1679428446,NA,"Political Militias"
"UKR1950",2018-02-26,2018,2,"Political violence","Violence against civilians","Sexual violence","Police Forces of Russia (2000-) Prison Guards",NA,8,78,"Civilian targeting",804,"Europe","Ukraine","Crimea","Sevastopol",NA,"Sevastopol",44.6121,33.5244,1,"AFP","International","Around 26 February 2018, an activist was tortured in a detention centre in Sevastopol. The man was put in jail for ten days for a social media post in connection to a case against a local anarchist. He stated that prison guards chocked him with a bag over his head, broke his finger, pulled his arms behind his back, pulled his trousers down and threatened to rape him.",0,NA,1631040306,NA,"External/Other Forces"
"UKR39136",2018-02-23,2018,1,"Political violence","Violence against civilians","Sexual violence","NAF: United Armed Forces of Novorossiya","Donetsk People's Militia",2,27,"Civilian targeting",804,"Europe","Ukraine","Donetsk","Horlivskyi","Yenakiievska","Yenakijeve",48.2362,38.2073,1,"24 Channel; Stop Corruption","National","On 23 February 2018, according to the victim's mother, members of DPR rebel militia raped and killed a girl in separatist-controlled Yenakijeve, Donetsk.",1,"women targeted: girls",1680636701,NA,"Rebel Group"
